{
  "name": "equalheights",
  "main": "equalHeights.js",
  "homepage": "https://github.com/neomen/equalHeights",
  "dependencies": {
    "jquery": ">=1.7"
  },
  "keywords": [
    "columns",
    "height",
    "jquery",
    "responsive",
    "resize",
    "equal"
  ],
  "license": "MIT",
  "ignore": [
    "**/.*"
  ],
  "_release": "53c3597bd7",
  "_resolution": {
    "type": "branch",
    "branch": "master",
    "commit": "53c3597bd76f2d1b9ea16f52d849e17ff63c0978"
  },
  "_source": "https://github.com/neomen/equalHeights.git",
  "_target": "*",
  "_originalSource": "equalHeights",
  "_direct": true
}